AAPL,BTC-USD,GOOGL,MSFT
70.08068,13752.363,69.345566,142.97655
100.75859,16244.488,87.60381,214.51163
102.354645,17273.234,87.366264,217.42998
